<?xml version="1.0" encoding="UTF-8"?>
<!DOCTYPE mapper
        PUBLIC "-//mybatis.org//DTD Mapper 3.0//EN"
        "https://mybatis.org/dtd/mybatis-3-mapper.dtd">
<mapper namespace="com.jingyuan.mapper.HeadlineMapper">

    <resultMap id="BaseResultMap" type="com.jingyuan.pojo.Headline">
            <id property="hid" column="hid" jdbcType="INTEGER"/>
            <result property="title" column="title" jdbcType="VARCHAR"/>
            <result property="article" column="article" jdbcType="VARCHAR"/>
            <result property="type" column="type" jdbcType="INTEGER"/>
            <result property="publisher" column="publisher" jdbcType="INTEGER"/>
            <result property="pageViews" column="page_views" jdbcType="INTEGER"/>
            <result property="createTime" column="create_time" jdbcType="TIMESTAMP"/>
            <result property="updateTime" column="update_time" jdbcType="TIMESTAMP"/>
            <result property="version" column="version" jdbcType="INTEGER"/>
            <result property="isDeleted" column="is_deleted" jdbcType="INTEGER"/>
    </resultMap>

    <sql id="Base_Column_List">
        hid,title,article,
        type,publisher,page_views,
        create_time,update_time,version,
        is_deleted
    </sql>

    <select id="selectPage" resultType="map">
        select hid, title, article, type, page_views pageViews,
        timestampdiff(hour, create_time, now()) pastHours, publisher
        from news_headline where is_deleted = 0
        <if test="newsPage.keyWords != null and newsPage.keyWords.length() > 0">
            and title like concat('%', #{newsPage.keyWords}, '%')
        </if>
        <if test="newsPage.type != null and newsPage.type != 0">
            and type = #{newsPage.type}
        </if>
    </select>

    <select id="selectDetail" resultType="map">
        select h.hid, h.title, h.article, h.type, t.tname typeName, h.page_views pageViews,
        timestampdiff(hour, h.create_time, now()) pastHours, h.publisher, u.nick_name author
        from news_headline h
        join news_type t on h.type = t.tid
        join news_user u on h.publisher = u.uid
        where h.hid = #{hid}
    </select>
</mapper>
