<?xml version="1.0" encoding="UTF-8"?>
<!DOCTYPE mapper
        PUBLIC "-//mybatis.org//DTD Mapper 3.0//EN"
        "https://mybatis.org/dtd/mybatis-3-mapper.dtd">
<mapper namespace="com.jingyuan.mapper.UserMapper">

    <resultMap id="BaseResultMap" type="com.jingyuan.pojo.User">
            <id property="uid" column="uid" jdbcType="INTEGER"/>
            <result property="username" column="username" jdbcType="VARCHAR"/>
            <result property="userPwd" column="user_pwd" jdbcType="VARCHAR"/>
            <result property="nickName" column="nick_name" jdbcType="VARCHAR"/>
            <result property="version" column="version" jdbcType="INTEGER"/>
            <result property="isDeleted" column="is_deleted" jdbcType="INTEGER"/>
    </resultMap>

    <sql id="Base_Column_List">
        uid,username,user_pwd,
        nick_name,version,is_deleted
    </sql>
</mapper>
